City_ID,City,Country,Date,Lat,Lng,Max Temp,Humidity,Cloudiness,Wind Speed
0,Bambous Virieux,MU,2022-07-16 19:18:04,-20.3428,57.7575,71.85,73,75,11.5
1,Arraial Do Cabo,BR,2022-07-16 19:15:16,-22.9661,-42.0278,76.86,69,0,12.66
2,San Jose,US,2022-07-16 19:17:10,37.3394,-121.895,92.91,46,0,5.75
3,Ushuaia,AR,2022-07-16 19:13:11,-54.8,-68.3,40.66,65,20,9.22
4,Innisfail,AU,2022-07-16 19:18:05,-17.5333,146.0333,65.7,88,84,5.66
5,Jamestown,US,2022-07-16 19:18:05,42.097,-79.2353,83.05,36,0,6.91
6,Souillac,MU,2022-07-16 19:16:31,-20.5167,57.5167,71.98,73,75,11.5
7,Tyup,KG,2022-07-16 19:18:06,42.7276,78.3648,58.44,44,0,2.98
8,Dingle,PH,2022-07-16 19:18:06,10.9995,122.6711,75.67,93,91,1.34
9,Bredasdorp,ZA,2022-07-16 19:18:07,-34.5322,20.0403,62.19,42,100,5.59
10,Coihaique,CL,2022-07-16 19:18:07,-45.5752,-72.0662,39.15,70,75,4.61
11,Rikitea,PF,2022-07-16 19:17:46,-23.1203,-134.9692,73.33,75,100,17.07
12,Coquimbo,CL,2022-07-16 19:18:08,-29.9533,-71.3436,58.73,62,0,6.91
13,Hermanus,ZA,2022-07-16 19:18:08,-34.4187,19.2345,62.4,58,100,4.7
14,Mitsamiouli,KM,2022-07-16 19:18:08,-11.3847,43.2844,76.98,70,65,10.27
15,Hithadhoo,MV,2022-07-16 19:18:09,-0.6,73.0833,83.3,77,14,15.03
16,Honiara,SB,2022-07-16 19:18:09,-9.4333,159.95,76.01,87,6,7.99
17,Hobart,AU,2022-07-16 19:15:02,-42.8794,147.3294,50.25,80,100,12.66
18,Lensk,RU,2022-07-16 19:18:10,60.7253,114.9278,55.74,90,100,4.32
19,Nioro,GM,2022-07-16 19:18:10,13.35,-15.75,86.31,65,94,12.26
20,Kodiak,US,2022-07-16 19:18:10,57.79,-152.4072,56.71,88,100,6.91
21,Makakilo City,US,2022-07-16 19:18:11,21.3469,-158.0858,80.92,60,100,13.8
22,Avarua,CK,2022-07-16 19:18:11,-21.2078,-159.775,75.25,73,40,11.5
23,Barrow,US,2022-07-16 19:18:11,71.2906,-156.7887,37.42,87,100,9.22
24,Punta Arenas,CL,2022-07-16 19:16:26,-53.15,-70.9167,35.71,80,40,8.05
25,Bourail,NC,2022-07-16 19:18:12,-21.5667,165.4833,60.06,72,0,4.29
26,Ust-Nera,RU,2022-07-16 19:18:12,64.5667,143.2,68.76,73,16,4.79
27,Bluff,NZ,2022-07-16 19:18:13,-46.6,168.3333,44.8,78,100,15.19
28,Esperance,AU,2022-07-16 19:18:13,-33.8667,121.9,55.08,74,49,2.75
29,Kushima,JP,2022-07-16 19:18:13,31.4583,131.2333,75.34,91,100,5.12
30,Cape Town,ZA,2022-07-16 19:17:06,-33.9258,18.4232,69.39,53,0,8.05
31,Mahebourg,MU,2022-07-16 19:18:14,-20.4081,57.7,71.89,73,75,11.5
32,Albany,US,2022-07-16 19:15:23,42.6001,-73.9662,85.42,50,100,3.0
33,Yar-Sale,RU,2022-07-16 19:18:15,66.8333,70.8333,53.89,64,1,7.94
34,Nikolskoye,RU,2022-07-16 19:18:15,59.7035,30.7861,57.09,90,40,4.83
35,Jacareacanga,BR,2022-07-16 19:18:15,-6.2222,-57.7528,94.66,36,43,3.31
36,Aklavik,CA,2022-07-16 19:18:16,68.2191,-135.0107,59.0,67,100,8.05
37,Tuktoyaktuk,CA,2022-07-16 19:18:16,69.4541,-133.0374,59.0,58,75,11.5
38,Shaowu,CN,2022-07-16 19:18:17,27.3409,117.4831,79.92,85,100,1.41
39,Porbandar,IN,2022-07-16 19:18:17,21.6422,69.6093,82.42,87,100,27.18
40,Kapaa,US,2022-07-16 19:14:08,22.0752,-159.319,80.58,82,100,14.97
41,Thompson,CA,2022-07-16 19:18:17,55.7435,-97.8558,82.56,36,100,0.0
42,Sabang,ID,2022-07-16 19:18:18,5.8933,95.3214,82.45,78,100,17.16
43,Hobyo,SO,2022-07-16 19:18:18,5.3505,48.5268,78.26,68,94,31.03
44,Sulangan,PH,2022-07-16 19:18:18,11.1373,123.7228,83.37,70,100,5.14
45,Saint-Philippe,RE,2022-07-16 19:19:19,-21.3585,55.7679,67.59,76,29,13.24
46,Penzance,GB,2022-07-16 19:19:19,50.1186,-5.5371,68.68,67,100,11.65
47,Mataura,NZ,2022-07-16 19:17:27,-46.1927,168.8643,44.47,80,100,4.94
48,Khatanga,RU,2022-07-16 19:19:20,71.9667,102.5,54.61,67,13,5.66
49,Limbang,MY,2022-07-16 19:19:20,4.75,115.0,80.71,89,100,2.01
50,Georgetown,MY,2022-07-16 19:16:57,5.4112,100.3354,82.89,89,20,2.3
51,Garissa,KE,2022-07-16 19:19:21,-0.4536,39.6401,75.09,67,34,23.67
52,Labuhan,ID,2022-07-16 19:19:21,-6.8844,112.2051,75.94,87,97,10.6
53,Camopi,GF,2022-07-16 19:19:21,3.1655,-52.3158,90.0,44,45,3.18
54,Manuk Mangkaw,PH,2022-07-16 19:19:22,4.8,119.85,81.5,79,100,6.78
55,Bengkulu,ID,2022-07-16 19:19:22,-3.8004,102.2655,76.03,86,100,3.53
56,Tabuk,PH,2022-07-16 19:19:22,17.4189,121.4443,74.64,93,100,3.04
57,Qaanaaq,GL,2022-07-16 19:19:23,77.484,-69.3632,52.27,63,12,4.14
58,Vila Velha,BR,2022-07-16 19:19:23,-20.3297,-40.2925,80.55,75,20,14.97
59,Tasiilaq,GL,2022-07-16 19:19:23,65.6145,-37.6368,50.16,65,95,3.0
60,Vaini,TO,2022-07-16 19:17:28,-21.2,-175.2,73.56,94,40,3.44
61,Raudeberg,NO,2022-07-16 19:19:24,61.9875,5.1352,52.47,76,100,8.43
62,Cherskiy,RU,2022-07-16 19:19:24,68.75,161.3,43.41,70,10,7.65
63,Ojinaga,MX,2022-07-16 19:19:25,29.5667,-104.4167,94.41,36,40,0.0
64,Severo-Kurilsk,RU,2022-07-16 19:19:25,50.6789,156.125,52.97,95,100,5.68
65,Cidreira,BR,2022-07-16 19:19:25,-30.1811,-50.2056,67.3,87,71,6.49
66,Klaksvik,FO,2022-07-16 19:19:26,62.2266,-6.589,52.72,91,100,13.96
67,Mehamn,NO,2022-07-16 19:19:26,71.0357,27.8492,51.75,93,100,10.36
68,Atikokan,CA,2022-07-16 19:19:26,48.7555,-91.6216,85.68,34,100,4.76
69,Khandyga,RU,2022-07-16 19:19:27,62.6667,135.6,67.73,87,69,2.51
70,Atuona,PF,2022-07-16 19:15:20,-9.8,-139.0333,77.38,74,74,16.04
71,Hambantota,LK,2022-07-16 19:19:27,6.1241,81.1185,79.65,79,100,16.33
72,Teeli,RU,2022-07-16 19:19:28,51.0333,90.2333,55.35,71,100,1.97
73,Ponta Do Sol,PT,2022-07-16 19:18:24,32.6667,-17.1,75.0,79,35,8.19
74,Phonhong,LA,2022-07-16 19:19:28,18.5007,102.4166,76.48,94,23,1.81
75,Pangnirtung,CA,2022-07-16 19:19:28,66.1451,-65.7125,50.0,81,40,17.27
76,Sao Filipe,CV,2022-07-16 19:19:29,14.8961,-24.4956,75.6,82,21,6.31
77,Madang,PG,2022-07-16 19:16:27,-5.2246,145.7966,76.19,91,98,2.46
78,Santo Antonio Do Taua,BR,2022-07-16 19:19:29,-1.1519,-48.1294,85.95,67,89,2.04
79,Dikson,RU,2022-07-16 19:19:30,73.5069,80.5464,47.88,68,40,7.63
80,Saldanha,ZA,2022-07-16 19:19:30,-33.0117,17.9442,62.74,51,50,5.41
81,Samarai,PG,2022-07-16 19:19:31,-10.6167,150.6667,78.98,81,41,15.7
82,Burntwood,GB,2022-07-16 19:19:31,52.6808,-1.9276,76.12,48,91,1.99
83,Powell River,CA,2022-07-16 19:19:31,49.8496,-124.5361,67.08,82,75,6.91
84,George Town,MY,2022-07-16 19:18:01,5.4112,100.3354,82.89,89,20,2.3
85,Saint George,US,2022-07-16 19:16:30,37.1041,-113.5841,105.8,19,0,5.01
86,Kumla,SE,2022-07-16 19:19:32,59.1277,15.1434,64.35,42,75,6.91
87,Sun Prairie,US,2022-07-16 19:19:32,43.1836,-89.2137,81.07,68,75,9.22
88,Kaitangata,NZ,2022-07-16 19:19:33,-46.2817,169.8464,37.89,72,100,7.58
89,Half Moon Bay,US,2022-07-16 19:19:33,37.4636,-122.4286,87.89,69,75,14.97
90,Rio Gallegos,AR,2022-07-16 19:19:33,-51.6226,-69.2181,32.05,100,100,2.3
91,Garden City,US,2022-07-16 19:19:34,42.3256,-83.331,83.16,60,75,9.22
92,Port Hardy,CA,2022-07-16 19:17:27,50.6996,-127.4199,59.18,82,75,5.75
93,Isangel,VU,2022-07-16 19:20:34,-19.55,169.2667,64.51,88,49,3.44
94,Upernavik,GL,2022-07-16 19:20:35,72.7868,-56.1549,47.5,66,100,6.82
95,Husavik,IS,2022-07-16 19:20:35,66.0449,-17.3389,53.94,79,100,6.82
96,Tanabe,JP,2022-07-16 19:20:35,33.7333,135.3667,74.73,94,23,4.0
97,College,US,2022-07-16 19:20:36,64.8569,-147.8028,60.08,88,75,8.05
98,Lewistown,US,2022-07-16 19:20:36,40.5992,-77.5714,86.56,54,0,5.75
99,Laguna,US,2022-07-16 19:20:36,38.421,-121.4238,101.08,39,0,3.0
100,Kaduna,NG,2022-07-16 19:20:37,10.5222,7.4383,70.75,95,100,3.78
101,Sayyan,YE,2022-07-16 19:20:37,15.1718,44.3244,65.64,54,79,4.25
102,Nome,US,2022-07-16 19:20:23,64.5011,-165.4064,58.15,62,0,8.05
103,Taoudenni,ML,2022-07-16 19:20:38,22.6783,-3.9836,107.33,15,96,15.01
104,Imeni Poliny Osipenko,RU,2022-07-16 19:20:38,52.4201,136.4853,57.04,97,100,6.78
105,Busselton,AU,2022-07-16 19:20:00,-33.65,115.3333,57.27,75,90,7.9
106,Richards Bay,ZA,2022-07-16 19:20:39,-28.783,32.0377,62.38,84,0,6.6
107,Victoria,HK,2022-07-16 19:19:00,22.2855,114.1577,86.38,82,100,11.99
108,Mariinsk,RU,2022-07-16 19:17:14,56.2139,87.7472,51.33,90,22,2.51
109,Alpena,US,2022-07-16 19:17:54,45.0617,-83.4327,74.17,74,100,8.05
110,Abha,SA,2022-07-16 19:19:09,18.2164,42.5053,68.25,56,0,9.22
111,Necochea,AR,2022-07-16 19:20:14,-38.5473,-58.7368,47.75,69,100,22.62
112,Lompoc,US,2022-07-16 19:20:40,34.6391,-120.4579,95.68,65,0,12.66
113,Iskateley,RU,2022-07-16 19:20:40,67.6803,53.1512,67.8,91,100,11.45
114,Praia,CV,2022-07-16 19:20:41,14.9215,-23.5087,78.3,76,11,6.82
115,Provideniya,RU,2022-07-16 19:20:41,64.3833,-173.3,51.24,55,100,4.41
116,Puerto Ayora,EC,2022-07-16 19:20:41,-0.7393,-90.3518,75.16,87,37,8.01
117,Dubbo,AU,2022-07-16 19:20:42,-32.25,148.6167,41.13,81,0,3.44
118,Tiksi,RU,2022-07-16 19:20:42,71.6872,128.8694,38.57,95,51,11.63
119,Cabo San Lucas,MX,2022-07-16 19:20:17,22.8909,-109.9124,92.5,45,20,5.99
120,Carnarvon,AU,2022-07-16 19:20:29,-24.8667,113.6333,68.0,50,100,8.7
121,Delmiro Gouveia,BR,2022-07-16 19:20:43,-9.3886,-37.9992,76.32,71,49,10.27
122,Pahrump,US,2022-07-16 19:20:43,36.2083,-115.9839,104.95,20,0,5.01
123,Butaritari,KI,2022-07-16 19:20:44,3.0707,172.7902,80.56,78,100,16.11
124,Kuching,MY,2022-07-16 19:20:44,1.55,110.3333,73.62,100,40,5.99
125,Mumbwa,ZM,2022-07-16 19:20:44,-14.9783,27.0619,61.75,41,48,7.74
126,Bonthe,SL,2022-07-16 19:20:45,7.5264,-12.505,77.99,84,88,9.6
127,Coria,ES,2022-07-16 19:20:45,39.9879,-6.5377,102.45,10,0,5.7
128,Belyy Yar,RU,2022-07-16 19:20:45,53.6039,91.3903,58.89,77,0,6.71
129,Lodja,CD,2022-07-16 19:20:46,-3.4833,23.4333,80.47,46,72,1.77
130,Fortuna,US,2022-07-16 19:20:46,40.5982,-124.1573,66.92,79,43,5.01
131,Chumikan,RU,2022-07-16 19:20:47,54.7183,135.315,52.11,99,100,3.27
132,Port Moresby,PG,2022-07-16 19:20:47,-9.4431,147.1797,69.22,88,20,5.75
133,Kambove,CD,2022-07-16 19:20:47,-10.8764,26.5969,60.69,47,1,4.27
134,Ixtapa,MX,2022-07-16 19:20:48,20.7,-105.2,86.23,66,75,6.91
135,Kwidzyn,PL,2022-07-16 19:20:48,53.7249,18.9311,55.24,91,100,13.71
136,Constitucion,CL,2022-07-16 19:15:56,-35.3333,-72.4167,50.68,70,100,6.04
137,Vardo,NO,2022-07-16 19:21:49,70.3705,31.1107,51.78,100,100,20.71
138,Lata,PT,2022-07-16 19:18:18,40.1629,-8.3327,77.45,49,100,4.81
139,New Norfolk,AU,2022-07-16 19:21:49,-42.7826,147.0587,49.91,85,100,1.01
140,Solwezi,ZM,2022-07-16 19:21:49,-12.1688,26.3894,58.37,47,6,4.41
141,Majene,ID,2022-07-16 19:21:50,-3.5403,118.9707,77.4,90,76,12.68
142,Airai,TL,2022-07-16 19:21:44,-8.9266,125.4092,55.04,91,55,3.89
143,Muros,ES,2022-07-16 19:19:03,42.7762,-9.0603,80.17,74,56,3.2
144,Northam,GB,2022-07-16 19:21:50,51.0333,-4.2167,73.26,59,100,4.09
145,Khilok,RU,2022-07-16 19:21:51,51.3674,110.4676,48.4,97,0,4.61
146,Doctor Juan Leon Mallorquin,PY,2022-07-16 19:21:51,-25.4,-55.2667,58.73,92,100,11.18
147,Hofn,IS,2022-07-16 19:21:52,64.2539,-15.2082,51.03,90,72,8.57
148,Do Gonbadan,IR,2022-07-16 19:21:52,30.3586,50.7981,87.89,15,0,0.0
149,Sitka,US,2022-07-16 19:21:52,57.0531,-135.33,60.69,72,100,6.91
150,Narrabri,AU,2022-07-16 19:21:53,-30.3167,149.7833,46.72,70,0,9.42
151,De Aar,ZA,2022-07-16 19:21:53,-30.6497,24.0123,56.21,35,0,5.68
152,Markivka,UA,2022-07-16 19:21:53,49.5229,39.5705,70.39,68,47,7.78
153,Yumen,CN,2022-07-16 19:21:54,40.2833,97.2,72.73,32,97,3.76
154,Atlantic City,US,2022-07-16 19:19:36,39.3643,-74.4229,86.02,65,20,10.36
155,Faanui,PF,2022-07-16 19:21:54,-16.4833,-151.75,76.68,69,89,24.96
156,Warri,NG,2022-07-16 19:21:55,5.5167,5.75,75.78,84,98,6.96
157,Norman Wells,CA,2022-07-16 19:21:55,65.282,-126.8329,64.44,59,75,21.85
158,Khuzdar,PK,2022-07-16 19:21:55,27.7384,66.6434,78.15,67,97,11.03
159,Winton,US,2022-07-16 19:21:56,37.3894,-120.6133,95.76,23,0,9.22
160,Tripoli,LY,2022-07-16 19:21:56,32.8752,13.1875,79.61,66,0,17.16
161,Hilo,US,2022-07-16 19:21:56,19.7297,-155.09,83.28,94,100,5.75
162,Henderson,US,2022-07-16 19:20:31,36.0397,-114.9819,109.65,20,0,6.91
163,Tarata,BO,2022-07-16 19:21:57,-17.6167,-66.0167,74.62,11,1,0.65
164,Saskylakh,RU,2022-07-16 19:21:57,71.9167,114.0833,49.1,74,41,7.45
165,Torrelavega,ES,2022-07-16 19:21:58,43.3494,-4.0479,76.8,82,87,1.01
166,Cabedelo,BR,2022-07-16 19:21:58,-6.9811,-34.8339,75.87,85,35,18.12
167,Bonavista,CA,2022-07-16 19:21:58,48.6499,-53.1147,60.33,75,100,7.07
168,Wanaka,NZ,2022-07-16 19:21:59,-44.7,169.15,34.59,89,100,5.01
169,El Dorado,US,2022-07-16 19:21:59,38.7666,-120.5177,99.37,26,0,3.0
170,Saint-Augustin,CA,2022-07-16 19:21:59,51.226,-58.6502,69.85,40,50,10.87
171,Goderich,CA,2022-07-16 19:22:00,43.7501,-81.7165,74.91,59,7,7.36
172,Peleduy,RU,2022-07-16 19:22:00,59.6289,112.7406,56.53,96,100,2.57
173,Ngunguru,NZ,2022-07-16 19:22:01,-35.6167,174.5,49.12,77,6,7.49
174,Yellowknife,CA,2022-07-16 19:22:01,62.456,-114.3525,69.57,64,75,6.91
175,Bubaque,GW,2022-07-16 19:22:02,11.2833,-15.8333,81.45,81,66,12.35
176,Rosarito,MX,2022-07-16 19:22:02,32.3333,-117.0333,85.66,71,43,8.66
177,Barinas,VE,2022-07-16 19:22:03,8.6226,-70.2075,89.02,53,12,5.14
178,Harper,LR,2022-07-16 19:22:03,4.375,-7.7169,75.6,83,100,10.0
179,Mount Gambier,AU,2022-07-16 19:22:04,-37.8333,140.7667,51.71,93,75,13.8
180,Lasa,IT,2022-07-16 19:17:40,46.6166,10.7002,67.1,74,0,4.54
181,Arman,RU,2022-07-16 19:22:05,59.7,150.1667,55.02,96,94,1.1
182,Mezhdurechensk,RU,2022-07-16 19:22:05,53.6942,88.0603,54.5,89,14,1.63
183,Berlevag,NO,2022-07-16 19:22:56,70.8578,29.0864,51.8,100,100,21.85
184,Aitape,PG,2022-07-16 19:23:06,-3.1374,142.3475,77.23,90,100,7.23
185,Pevek,RU,2022-07-16 19:23:06,69.7008,170.3133,34.5,94,100,3.67
186,Tenenkou,ML,2022-07-16 19:23:07,14.4572,-4.9169,89.82,48,100,25.88
187,Inuvik,CA,2022-07-16 19:23:07,68.3499,-133.7218,65.16,48,75,12.66
188,Kisangani,CD,2022-07-16 19:20:48,0.5167,25.2,70.09,94,100,3.4
189,Los Llanos De Aridane,ES,2022-07-16 19:23:08,28.6585,-17.9182,70.12,86,40,14.97
190,Kahului,US,2022-07-16 19:23:08,20.8947,-156.47,82.98,80,20,23.02
191,Puerto Leguizamo,CO,2022-07-16 19:23:08,-0.1934,-74.7819,88.9,49,71,5.21
192,Gornopravdinsk,RU,2022-07-16 19:23:09,60.05,69.9,57.33,90,62,6.35
193,Lilongwe,MW,2022-07-16 19:23:09,-13.9669,33.7873,59.9,60,99,9.82
194,Plettenberg Bay,ZA,2022-07-16 19:23:10,-34.0527,23.3716,65.75,41,71,7.34
195,Urumqi,CN,2022-07-16 19:23:10,43.801,87.6005,76.15,24,0,4.47
196,Kolokani,ML,2022-07-16 19:23:11,13.5728,-8.0339,84.85,56,100,12.3
197,Pauini,BR,2022-07-16 19:23:11,-7.7136,-66.9764,90.5,49,84,4.05
198,Sur,OM,2022-07-16 19:21:28,22.5667,59.5289,87.17,68,100,8.97
199,Nortelandia,BR,2022-07-16 19:23:12,-14.4547,-56.8028,97.7,23,3,5.93
200,Otane,NZ,2022-07-16 19:23:12,-39.8833,176.6333,34.81,91,0,2.17
201,Castro,BR,2022-07-16 19:23:12,-24.7911,-50.0119,74.59,51,13,14.94
202,Zachary,US,2022-07-16 19:23:13,30.6485,-91.1565,94.69,61,75,5.75
203,Loukhi,RU,2022-07-16 19:23:13,66.0764,33.0381,58.86,70,10,4.94
204,Kichera,RU,2022-07-16 19:23:14,55.9375,110.0997,55.0,100,100,3.13
205,Ketchikan,US,2022-07-16 19:23:09,55.3422,-131.6461,61.27,72,75,4.61
206,Sabha,LY,2022-07-16 19:23:14,27.0377,14.4283,86.61,18,0,8.34
207,Beringovskiy,RU,2022-07-16 19:23:14,63.05,179.3167,53.26,72,15,6.85
208,Codrington,AU,2022-07-16 19:21:32,-38.2667,141.9667,51.85,93,100,14.09
209,Srednekolymsk,RU,2022-07-16 19:23:15,67.45,153.6833,51.62,74,100,5.5
210,Waddan,LY,2022-07-16 19:23:15,29.1614,16.139,85.55,20,0,8.63
211,Indianola,US,2022-07-16 19:23:16,41.3581,-93.5574,80.87,54,100,6.91
212,Acapulco,MX,2022-07-16 19:21:40,16.8634,-99.8901,85.82,70,75,10.36
213,Namibe,AO,2022-07-16 19:23:16,-15.1961,12.1522,65.39,94,28,4.16
214,Nishihara,JP,2022-07-16 19:23:16,26.1842,127.7558,83.86,94,20,12.66
215,Chokurdakh,RU,2022-07-16 19:23:17,70.6333,147.9167,46.18,77,100,14.74
216,Ajdabiya,LY,2022-07-16 19:23:17,30.7554,20.2263,77.32,69,0,14.54
217,Batagay,RU,2022-07-16 19:22:11,67.6333,134.6333,52.97,80,100,4.79
218,Nanortalik,GL,2022-07-16 19:23:18,60.1432,-45.2371,43.9,79,58,4.52
219,Mansa,IN,2022-07-16 19:23:18,29.9833,75.3833,90.23,53,52,8.1
220,Hasaki,JP,2022-07-16 19:23:18,35.7333,140.8333,73.8,93,100,16.28
221,Cayeli,TR,2022-07-16 19:23:19,41.0923,40.7292,72.27,81,100,3.49
222,Kavieng,PG,2022-07-16 19:23:19,-2.5744,150.7967,81.45,78,13,12.15
223,Hay River,CA,2022-07-16 19:22:10,60.8156,-115.7999,61.66,65,100,4.21
224,Beitbridge,ZW,2022-07-16 19:23:20,-22.2167,30.0,61.09,68,0,7.07
225,Kirakira,SB,2022-07-16 19:20:17,-10.4544,161.9205,78.67,83,26,11.12
226,Rabak,SD,2022-07-16 19:23:20,13.1809,32.74,82.45,55,100,6.02
227,Ancud,CL,2022-07-16 19:20:22,-41.8697,-73.8203,42.22,83,100,19.82
228,Rio Grande City,US,2022-07-16 19:23:21,26.3798,-98.8203,99.88,21,84,19.42
229,Sioux Lookout,CA,2022-07-16 19:24:21,50.1001,-91.917,80.67,44,75,2.3
230,Sorland,NO,2022-07-16 19:22:14,67.667,12.6934,51.66,83,99,12.8
231,Totness,SR,2022-07-16 19:24:22,5.8833,-56.3167,81.16,83,32,6.04
232,Taitung,TW,2022-07-16 19:24:22,22.7583,121.1444,83.37,66,100,4.72
233,Rocha,UY,2022-07-16 19:24:22,-34.4833,-54.3333,48.94,91,100,19.82
234,Lukovetskiy,RU,2022-07-16 19:24:23,64.2956,41.9211,56.8,88,2,5.12
235,Singosari,ID,2022-07-16 19:24:23,-7.8924,112.6658,69.94,95,31,3.4
236,Mar Del Plata,AR,2022-07-16 19:21:26,-38.0023,-57.5575,49.08,78,100,14.97
237,Sobolevo,RU,2022-07-16 19:24:24,54.4299,31.8996,52.48,93,99,4.43
238,Viking,CA,2022-07-16 19:24:24,53.1001,-111.7684,77.13,60,6,9.93
239,Nileshwar,IN,2022-07-16 19:24:24,12.25,75.1,79.32,83,100,8.28
240,Manakara,MG,2022-07-16 19:24:25,-22.1333,48.0167,67.32,86,37,7.11
241,Bahir Dar,ET,2022-07-16 19:24:25,11.5936,37.3908,62.42,89,100,3.36
242,Valleyview,CA,2022-07-16 19:24:26,55.0667,-117.2859,71.98,50,2,8.3
243,Torbay,CA,2022-07-16 19:24:26,47.6666,-52.7314,75.97,43,40,17.27
244,Nikolayevsk-Na-Amure,RU,2022-07-16 19:24:26,53.1406,140.73,56.66,95,93,3.49
245,Amahai,ID,2022-07-16 19:24:27,-3.3333,128.9167,76.19,92,100,5.84
246,Panjab,AF,2022-07-16 19:24:27,34.388,67.0233,57.33,29,0,6.33
247,Vuktyl,RU,2022-07-16 19:24:27,63.8567,57.3094,66.13,89,100,2.26
248,Hervey Bay,AU,2022-07-16 19:24:28,-25.2986,152.8535,63.81,60,92,5.28
249,Touros,BR,2022-07-16 19:23:49,-5.1989,-35.4608,77.94,85,46,15.39
250,Grindavik,IS,2022-07-16 19:24:28,63.8424,-22.4338,53.55,93,100,9.22
251,Hoima,UG,2022-07-16 19:24:29,1.4356,31.3436,68.67,60,42,3.65
252,Katsuura,JP,2022-07-16 19:24:29,35.1333,140.3,74.34,93,100,19.22
253,Rio Grande,BR,2022-07-16 19:23:22,-32.035,-52.0986,57.31,95,100,17.29
254,Miyazu,JP,2022-07-16 19:24:29,35.5333,135.1833,71.73,92,45,4.21
255,Lorengau,PG,2022-07-16 19:24:07,-2.0226,147.2712,81.41,79,18,10.54
256,Atar,MR,2022-07-16 19:24:30,20.5169,-13.0499,110.44,6,95,19.3
257,San Vicente,AR,2022-07-16 19:24:30,-26.6167,-54.1333,55.99,98,100,9.57
258,Roald,NO,2022-07-16 19:24:31,62.5833,6.1333,56.75,71,75,6.91
259,Grootfontein,NA,2022-07-16 19:24:31,-19.5667,18.1167,51.37,46,0,3.44
260,Karasburg,NA,2022-07-16 19:24:31,-28.0167,18.75,63.82,22,0,10.85
261,Salalah,OM,2022-07-16 19:24:32,17.0151,54.0924,78.8,90,100,4.68
262,Obo,CF,2022-07-16 19:24:32,5.3998,26.4869,68.99,95,65,0.74
263,Cap Malheureux,MU,2022-07-16 19:24:33,-19.9842,57.6142,70.47,69,1,4.0
264,Port Alfred,ZA,2022-07-16 19:24:33,-33.5906,26.891,67.3,53,0,8.3
265,Te Anau,NZ,2022-07-16 19:24:33,-45.4167,167.7167,41.41,96,100,6.98
266,Ishigaki,JP,2022-07-16 19:24:34,24.3448,124.1572,82.53,100,40,6.91
267,Elko,US,2022-07-16 19:21:36,41.0002,-115.5012,92.05,18,0,5.99
268,Manicore,BR,2022-07-16 19:24:34,-5.8092,-61.3003,91.35,55,0,6.91
269,Pergamino,AR,2022-07-16 19:24:35,-33.89,-60.5736,48.9,66,100,15.01
270,Muli,MV,2022-07-16 19:24:35,2.9167,73.5667,82.99,76,44,6.85
271,Kharp,RU,2022-07-16 19:21:23,66.8014,65.8081,55.74,58,1,6.33
272,Sokoni,TZ,2022-07-16 19:24:35,-6.4333,39.55,75.85,79,40,17.22
273,San Cristobal,VE,2022-07-16 19:24:36,7.7669,-72.225,78.98,42,18,6.49
274,Anau,PF,2022-07-16 19:24:36,-16.5167,-151.7333,76.59,69,87,24.76
275,Naze,JP,2022-07-16 19:24:33,28.3667,129.4833,76.12,88,100,12.88
276,Ahuimanu,US,2022-07-16 19:25:37,21.4447,-157.8378,82.11,68,75,13.8
277,Saint-Francois,FR,2022-07-16 19:25:37,46.4154,3.9054,78.24,36,0,8.05
278,Liverpool,GB,2022-07-16 19:24:13,53.4106,-2.9779,75.15,62,0,9.22
279,Wels,AT,2022-07-16 19:25:37,48.1667,14.0333,69.55,46,0,5.75
280,Karratha,AU,2022-07-16 19:25:38,-20.7377,116.8463,65.01,56,2,5.3
281,Luz,BR,2022-07-16 19:25:38,-19.8014,-45.6856,82.71,30,55,7.0
282,Ginda,IN,2022-07-16 19:25:38,30.6945,78.4932,68.83,85,100,2.66
283,Minab,IR,2022-07-16 19:25:39,27.1467,57.0801,93.52,55,100,1.14
284,Atasu,KZ,2022-07-16 19:25:39,48.6814,71.6433,80.01,27,3,9.84
285,Kalundborg,DK,2022-07-16 19:25:40,55.6795,11.0886,60.35,65,0,23.67
286,Lebu,CL,2022-07-16 19:25:40,-37.6167,-73.65,49.08,71,100,14.18
287,Hamilton,US,2022-07-16 19:25:40,39.1834,-84.5333,93.09,50,20,14.97
288,Quatre Cocos,MU,2022-07-16 19:25:41,-20.2078,57.7625,71.71,68,21,15.46
289,Vyartsilya,RU,2022-07-16 19:25:41,62.1764,30.693,56.61,100,13,5.68
290,Mhango,TZ,2022-07-16 19:25:41,-3.2833,32.85,71.13,37,86,4.03
291,Pak Phanang,TH,2022-07-16 19:25:42,8.3511,100.202,79.02,85,100,4.88
292,Lagoa,PT,2022-07-16 19:25:42,39.05,-27.9833,70.38,86,0,10.47
293,Payo,ID,2022-07-16 19:25:42,-3.7508,103.6372,72.95,89,100,1.07
294,Aykhal,RU,2022-07-16 19:25:43,66.0,111.5,51.15,96,100,16.06
295,Prince Rupert,CA,2022-07-16 19:25:43,54.3161,-130.3201,57.29,88,100,3.44
296,Yulara,AU,2022-07-16 19:25:43,-25.2406,130.9889,50.61,22,98,5.44
297,Longyearbyen,SJ,2022-07-16 19:25:44,78.2186,15.6401,57.04,58,0,18.41
298,Port Hedland,AU,2022-07-16 19:25:44,-20.3167,118.5667,55.45,54,41,8.05
299,Bathsheba,BB,2022-07-16 19:21:35,13.2167,-59.5167,79.05,96,75,20.71
300,Sawakin,SD,2022-07-16 19:25:45,19.1059,37.3321,89.33,51,58,5.06
301,Dangara,IN,2022-07-16 19:25:45,29.6799,75.8931,90.91,52,22,9.57
302,Kajaani,FI,2022-07-16 19:25:45,64.2273,27.7285,60.85,63,0,4.61
303,Pacific Grove,US,2022-07-16 19:25:46,36.6177,-121.9166,76.8,87,20,10.36
304,Wenzhou,CN,2022-07-16 19:25:46,27.9994,120.6668,83.39,74,69,0.38
305,Vrangel,RU,2022-07-16 19:25:47,42.7297,133.0839,64.72,91,100,15.48
306,Kavaratti,IN,2022-07-16 19:25:47,10.5669,72.642,81.82,80,100,14.54
307,Asau,RO,2022-07-16 19:25:47,46.4333,26.4,72.52,49,0,6.55
308,Ugra,RU,2022-07-16 19:25:48,54.7777,34.3267,54.07,87,100,3.4
309,Nyurba,RU,2022-07-16 19:24:21,63.2842,118.3319,55.4,97,99,3.27
310,Maniitsoq,GL,2022-07-16 19:25:48,65.4167,-52.9,41.04,85,100,14.58
311,Sao Gabriel Da Cachoeira,BR,2022-07-16 19:25:48,-0.1303,-67.0892,91.2,58,40,9.22
312,Marck,FR,2022-07-16 19:25:49,50.949,1.9433,69.96,66,36,12.39
313,Whitehorse,CA,2022-07-16 19:25:49,60.7161,-135.0538,63.01,58,75,12.66
314,Clyde River,CA,2022-07-16 19:23:59,70.4692,-68.5914,50.23,62,20,17.27
315,Kloulklubed,PW,2022-07-16 19:25:50,7.0419,134.2556,73.9,74,100,7.81
316,Kollo,NE,2022-07-16 19:25:50,13.3043,2.339,82.45,58,100,3.0
317,Aksarka,RU,2022-07-16 19:25:50,66.5606,67.7975,53.67,66,9,7.25
318,Palmer,US,2022-07-16 19:25:51,42.1584,-72.3287,82.51,59,75,6.91
319,Gondar,ET,2022-07-16 19:23:22,12.6,37.4667,57.56,91,100,5.53
320,Porto Walter,BR,2022-07-16 19:25:51,-8.2686,-72.7439,90.34,50,83,3.22
321,Altamont,US,2022-07-16 19:25:52,42.2068,-121.7372,87.78,27,0,4.0
322,Bucerias,MX,2022-07-16 19:25:42,20.75,-105.3333,86.99,66,75,6.91
323,Sorkjosen,NO,2022-07-16 19:26:52,69.8,20.9333,51.8,93,100,9.22
324,Baneh,IR,2022-07-16 19:26:52,35.9975,45.8853,76.93,18,0,3.2
325,Ribeira Grande,PT,2022-07-16 19:23:09,38.5167,-28.7,75.6,78,20,11.5
326,Verkhnevilyuysk,RU,2022-07-16 19:26:53,63.4453,120.3167,57.22,98,100,5.19
327,Oranjemund,NA,2022-07-16 19:26:53,-28.55,16.4333,66.97,41,0,5.53
328,Spassk,RU,2022-07-16 19:26:54,52.747,87.7545,57.9,93,100,2.01
329,Ahipara,NZ,2022-07-16 19:24:11,-35.1667,173.1667,50.65,77,8,7.29
330,Englewood,US,2022-07-16 19:26:54,39.6478,-104.9878,93.38,31,40,11.5
331,Chunoyar,RU,2022-07-16 19:26:55,57.4467,97.3217,51.84,89,96,1.68
332,Sakakah,SA,2022-07-16 19:25:00,29.9697,40.2064,94.57,19,0,14.23
333,Honningsvag,NO,2022-07-16 19:26:55,70.9821,25.9704,51.55,93,100,14.97
334,Luderitz,NA,2022-07-16 19:26:56,-26.6481,15.1594,68.04,38,0,2.01
335,Port Blair,IN,2022-07-16 19:26:56,11.6667,92.75,80.6,81,100,9.69
336,Krasnoselkup,RU,2022-07-16 19:26:56,65.7,82.4667,53.73,87,63,11.01
337,Kieta,PG,2022-07-16 19:26:57,-6.2167,155.6333,77.63,84,42,4.83
338,Kemijarvi,FI,2022-07-16 19:26:57,66.7131,27.4306,56.98,89,9,4.03
339,Villefontaine,FR,2022-07-16 19:26:58,45.6125,5.1456,80.06,32,0,12.66
340,Doha,QA,2022-07-16 19:26:58,25.2867,51.5333,95.31,75,17,4.61
341,Huimanguillo,MX,2022-07-16 19:26:58,17.85,-93.3833,88.21,62,99,5.39
342,Geraldton,AU,2022-07-16 19:26:59,-28.7667,114.6,55.81,88,100,5.75
343,Jiayuguan,CN,2022-07-16 19:26:59,39.8167,98.3,70.27,29,100,1.9
344,Boddam,GB,2022-07-16 19:26:59,57.4667,-1.7833,68.43,87,100,12.39
345,Marsaxlokk,MT,2022-07-16 19:27:00,35.8419,14.5431,80.08,78,0,4.61
346,Gat,IL,2022-07-16 19:25:10,31.61,34.7642,78.82,100,0,4.88
347,Kysyl-Syr,RU,2022-07-16 19:25:01,63.8986,122.7617,64.33,98,94,3.29
348,Nanpiao,CN,2022-07-16 19:27:00,41.0982,120.7479,69.84,91,96,0.83
349,Najran,SA,2022-07-16 19:27:01,17.4924,44.1277,88.45,31,100,11.34
350,Cambridge,CA,2022-07-16 19:22:32,43.3601,-80.3127,87.22,32,0,5.75
351,Bria,CF,2022-07-16 19:22:41,6.5423,21.9863,70.83,95,89,1.59
352,Masyaf,SY,2022-07-16 19:27:02,35.0653,36.3406,68.79,87,7,8.86
353,Gunnedah,AU,2022-07-16 19:27:02,-30.9833,150.25,42.51,74,0,0.74
354,Chuy,UY,2022-07-16 19:27:03,-33.6971,-53.4616,50.74,92,100,12.84
355,Ziarat,PK,2022-07-16 19:27:03,30.3823,67.7282,64.45,75,0,6.46
356,Banjarmasin,ID,2022-07-16 19:27:04,-3.3244,114.591,75.34,96,19,2.24
357,Tobermory,CA,2022-07-16 19:27:04,45.2501,-81.6665,65.08,78,0,7.56
358,Fairbanks,US,2022-07-16 19:25:44,64.8378,-147.7164,60.1,86,100,8.05
359,Impfondo,CG,2022-07-16 19:27:04,1.6381,18.0667,76.48,75,78,2.01
360,Hammerfest,NO,2022-07-16 19:27:05,70.6634,23.6821,50.45,100,100,3.44
361,Alyangula,AU,2022-07-16 19:27:05,-13.8483,136.4192,65.16,80,14,9.37
362,Sola,VU,2022-07-16 19:27:06,-13.8833,167.55,79.75,76,81,22.88
363,Cayenne,GF,2022-07-16 19:27:06,4.9333,-52.3333,87.84,1,100,2.3
364,Azare,NG,2022-07-16 19:28:06,11.6765,10.1948,79.79,68,97,5.75
365,Talcahuano,CL,2022-07-16 19:25:20,-36.7167,-73.1167,53.28,66,40,8.05
366,Santa Cruz,BO,2022-07-16 19:25:45,-17.8,-63.1667,62.06,100,100,14.97
367,Omsukchan,RU,2022-07-16 19:28:07,62.5333,155.8,61.45,90,100,2.01
368,Flinders,AU,2022-07-16 19:28:08,-34.5833,150.8552,57.25,57,0,9.53
369,Kodinar,IN,2022-07-16 19:28:08,20.7903,70.7031,81.28,87,39,21.7
370,La Rioja,ES,2022-07-16 19:28:08,42.25,-2.5,87.58,37,100,2.62
371,Anadyr,RU,2022-07-16 19:28:09,64.75,177.4833,57.7,76,20,2.24
372,Ayotzintepec,MX,2022-07-16 19:28:09,17.6667,-96.1333,87.64,58,100,5.19
373,Kholtoson,RU,2022-07-16 19:28:10,50.2981,103.3097,47.32,88,37,1.63
374,Kununurra,AU,2022-07-16 19:28:10,-15.7667,128.7333,49.98,87,7,2.3
375,East London,ZA,2022-07-16 19:28:10,-33.0153,27.9116,66.16,51,0,8.99
376,Nabire,ID,2022-07-16 19:28:11,-3.3667,135.4833,75.42,96,100,5.82
377,Itacarambi,BR,2022-07-16 19:28:11,-15.1022,-44.0919,87.12,26,1,4.05
378,Kudahuvadhoo,MV,2022-07-16 19:28:11,2.6708,72.8944,82.89,78,91,9.15
379,Reconquista,AR,2022-07-16 19:28:12,-29.15,-59.65,50.31,84,100,16.4
380,Port Elizabeth,ZA,2022-07-16 19:28:12,-33.918,25.5701,59.29,63,75,4.61
381,Sivas,TR,2022-07-16 19:28:12,39.7916,37.0019,57.83,82,40,10.36
382,Maceio,BR,2022-07-16 19:26:31,-9.6658,-35.7353,76.44,88,100,9.22
383,Bull Savanna,JM,2022-07-16 19:28:13,17.8868,-77.5902,85.39,61,8,17.69
384,Emerald,AU,2022-07-16 19:28:13,-23.5333,148.1667,48.34,100,0,0.0
385,Denpasar,ID,2022-07-16 19:28:14,-8.65,115.2167,78.46,88,20,8.05
386,Jutai,BR,2022-07-16 19:28:14,-5.1833,-68.9,92.12,46,56,2.26
387,Hihya,EG,2022-07-16 19:28:14,30.6713,31.588,76.19,59,0,6.82
388,Nangong,CN,2022-07-16 19:28:15,37.3581,115.3744,70.7,86,76,2.35
389,Baoshan,CN,2022-07-16 19:28:15,46.5586,131.4244,61.88,99,100,4.74
390,Mogadishu,SO,2022-07-16 19:26:12,2.0371,45.3438,76.46,82,16,18.63
391,Umm Lajj,SA,2022-07-16 19:28:16,25.0213,37.2685,86.83,51,6,8.46
392,Mayumba,GA,2022-07-16 19:28:16,-3.432,10.6554,70.79,91,100,5.7
393,Biritiba-Mirim,BR,2022-07-16 19:28:17,-23.5698,-46.0407,82.18,37,100,6.58
394,San Patricio,US,2022-07-16 19:28:17,28.017,-97.5169,95.72,38,10,17.09
395,Ambovombe,MG,2022-07-16 19:28:17,-25.1667,46.0833,67.15,82,14,16.93
396,La Ronge,CA,2022-07-16 19:28:18,55.1001,-105.2842,79.02,69,40,12.66
397,Poum,NC,2022-07-16 19:28:18,-20.2333,164.0167,70.16,61,46,13.96
398,Zheleznodorozhnyy,RU,2022-07-16 19:28:18,55.7503,38.0042,63.12,65,41,2.66
399,Hualmay,PE,2022-07-16 19:28:19,-11.0964,-77.6139,64.44,75,42,13.18
400,Walvis Bay,NA,2022-07-16 19:28:19,-22.9575,14.5053,76.15,20,0,4.61
401,Ostersund,SE,2022-07-16 19:24:23,63.1792,14.6357,50.45,76,100,17.27
402,Tual,ID,2022-07-16 19:28:20,-5.6667,132.75,79.02,80,98,22.95
403,Sinnamary,GF,2022-07-16 19:28:20,5.3833,-52.95,81.68,80,32,8.32
404,Jumla,NP,2022-07-16 19:28:20,29.2747,82.1838,64.27,91,100,0.69
405,Naryan-Mar,RU,2022-07-16 19:28:21,67.6713,53.087,67.86,91,100,11.32
406,Bureya,RU,2022-07-16 19:28:21,49.8133,129.8131,66.04,92,98,4.18
407,Kawalu,ID,2022-07-16 19:28:21,-7.3817,108.2082,72.75,99,99,2.21
408,Gizo,SB,2022-07-16 19:28:22,-8.103,156.8419,80.87,76,34,7.14
409,Suita,JP,2022-07-16 19:28:22,34.7614,135.5157,77.11,91,75,3.44
410,Fallon,US,2022-07-16 19:26:04,39.4735,-118.7774,98.92,18,20,4.61
411,Iqaluit,CA,2022-07-16 19:29:23,63.7506,-68.5145,62.33,51,75,20.71
412,Oranjestad,AW,2022-07-16 19:29:23,12.524,-70.027,85.95,70,40,23.02
413,Kaka,TM,2022-07-16 19:29:23,37.3482,59.6143,88.54,10,0,4.94
414,Alta Gracia,AR,2022-07-16 19:29:24,-31.6529,-64.4283,54.55,43,68,9.19
415,Guerrero Negro,MX,2022-07-16 19:26:47,27.9769,-114.0611,71.67,68,100,12.1
416,Santiago Del Estero,AR,2022-07-16 19:29:24,-27.7951,-64.2615,60.85,28,0,21.23
417,Bama,NG,2022-07-16 19:29:25,11.5221,13.6856,81.12,63,100,6.98
418,Belaya Gora,RU,2022-07-16 19:29:25,68.5333,146.4167,52.09,67,100,9.64
419,Leningradskiy,RU,2022-07-16 19:29:25,69.3833,178.4167,35.37,91,100,4.09
420,Lazaro Cardenas,MX,2022-07-16 19:29:26,17.9583,-102.2,86.86,61,81,6.22
421,Verkhovazhye,RU,2022-07-16 19:29:26,60.7472,42.0465,56.68,79,6,5.26
422,Patiya,BD,2022-07-16 19:29:26,22.2931,91.9762,79.29,85,38,8.01
423,Itum-Kale,RU,2022-07-16 19:29:27,42.7356,45.5758,68.29,62,0,4.74
424,Nongstoin,IN,2022-07-16 19:29:27,25.5167,91.2667,68.16,98,64,2.86
425,Villa Carlos Paz,AR,2022-07-16 19:29:27,-31.4241,-64.4978,53.06,33,60,8.99
426,Terney,RU,2022-07-16 19:29:28,45.0503,136.6092,59.68,95,100,9.98
427,Kitimat,CA,2022-07-16 19:29:28,54.0524,-128.6534,62.91,47,59,1.01
428,Acari,PE,2022-07-16 19:29:29,-15.4311,-74.6158,68.45,61,44,9.46
429,Noumea,NC,2022-07-16 19:27:40,-22.2763,166.4572,64.38,67,25,13.42
430,Talnakh,RU,2022-07-16 19:29:29,69.4865,88.3972,60.21,50,100,6.87
431,Hayvoron,UA,2022-07-16 19:29:29,48.3396,29.8679,69.17,42,83,5.84
432,Vila Franca Do Campo,PT,2022-07-16 19:29:30,37.7167,-25.4333,72.01,74,0,9.01
433,Dvinskoy,RU,2022-07-16 19:29:30,62.1535,45.1175,56.71,82,1,2.95
434,Luanda,AO,2022-07-16 19:29:30,-8.8368,13.2343,69.8,88,5,3.44
435,Mafra,BR,2022-07-16 19:29:31,-26.1114,-49.8053,77.27,48,79,9.28
436,Ilulissat,GL,2022-07-16 19:29:31,69.2167,-51.1,46.42,71,20,4.61
437,La Paz,BO,2022-07-16 19:29:08,-16.5,-68.15,60.78,9,20,16.11
438,Kingisepp,RU,2022-07-16 19:29:32,59.3733,28.6134,52.83,91,92,3.15
439,Sabak,MY,2022-07-16 19:29:32,3.7675,100.9875,76.89,88,42,2.1
440,Takoradi,GH,2022-07-16 19:29:32,4.8845,-1.7554,75.67,83,100,9.84
441,Santa Rosa,PH,2022-07-16 19:28:33,14.3122,121.1114,78.78,91,100,3.02
442,Sevenoaks,GB,2022-07-16 19:29:33,51.27,0.1928,76.93,52,0,10.36
443,Badarwas,IN,2022-07-16 19:29:33,24.9667,77.5667,78.37,88,100,8.55
444,Lokosovo,RU,2022-07-16 19:29:33,61.1333,74.8167,53.73,78,5,6.24
445,Hargeysa,SO,2022-07-16 19:29:34,9.56,44.065,72.68,52,57,26.46
446,Mormugao,IN,2022-07-16 19:29:34,15.4,73.8,76.26,94,100,11.5
447,Clearwater,US,2022-07-16 19:29:04,27.9659,-82.8001,94.14,63,0,8.01
448,Tucupita,VE,2022-07-16 19:29:35,9.0622,-62.051,77.5,91,100,2.95
449,Muisne,EC,2022-07-16 19:29:35,0.6,-80.0333,75.34,83,99,9.82
450,Evensk,RU,2022-07-16 19:29:35,61.95,159.2333,54.73,80,100,1.16
451,Qarqin,AF,2022-07-16 19:29:36,37.4185,66.0436,90.37,12,0,5.73
452,Pasighat,IN,2022-07-16 19:29:36,28.0667,95.3333,79.84,93,48,3.24
453,Goma,CD,2022-07-16 19:29:36,-1.6792,29.2228,65.62,66,30,2.55
454,Alta Floresta,BR,2022-07-16 19:29:37,-9.8756,-56.0861,89.42,48,40,3.44
455,Joshimath,IN,2022-07-16 19:29:37,30.5667,79.5667,70.65,86,62,0.85
456,Okhotsk,RU,2022-07-16 19:29:37,59.3833,143.3,56.55,92,87,2.66
457,Fare,PF,2022-07-16 19:29:38,-16.7,-151.0167,76.14,70,58,25.17
458,Padang,ID,2022-07-16 19:30:38,-0.9492,100.3543,76.33,83,93,3.78
459,Port-Gentil,GA,2022-07-16 19:30:38,-0.7193,8.7815,76.96,73,100,12.66
460,Bereda,ES,2022-07-16 19:30:39,43.2686,-7.5406,81.57,74,100,2.24
461,Biak,ID,2022-07-16 19:30:39,-0.9131,122.8766,74.73,86,100,7.16
462,Muroto,JP,2022-07-16 19:30:40,33.2833,134.15,77.38,84,51,2.44
463,Batman,TR,2022-07-16 19:30:40,37.8874,41.1322,82.2,32,0,1.14
464,Mount Vernon,US,2022-07-16 19:30:40,40.9126,-73.8371,84.36,69,100,6.87
465,Hue,VN,2022-07-16 19:30:41,16.4667,107.6,84.31,74,40,3.44
466,Broome,US,2022-07-16 19:30:41,42.2506,-75.833,86.61,45,0,5.01
467,Moron,AR,2022-07-16 19:30:41,-34.6534,-58.6198,50.97,76,100,11.52
468,Nadym,RU,2022-07-16 19:30:42,65.5333,72.5167,57.67,58,9,8.97
469,Inirida,CO,2022-07-16 19:30:42,3.8653,-67.9239,88.5,57,59,2.08
470,Bajil,YE,2022-07-16 19:30:42,15.0584,43.2851,92.17,39,62,10.11
471,Puruaran,MX,2022-07-16 19:30:43,19.1,-101.5333,84.11,66,99,4.43
472,North Platte,US,2022-07-16 19:27:22,41.1239,-100.7654,92.32,44,0,8.01
473,Mamakan,RU,2022-07-16 19:30:43,57.8161,114.0028,59.38,99,100,3.49
474,Kualakapuas,ID,2022-07-16 19:30:44,-3.0091,114.3876,73.78,99,95,0.51
475,Vostok,RU,2022-07-16 19:30:44,46.4856,135.8833,54.43,97,93,3.96
476,Masuguru,TZ,2022-07-16 19:30:45,-11.3667,38.4167,71.37,41,2,3.62
477,Vega De Alatorre,MX,2022-07-16 19:30:45,20.0333,-96.6333,87.06,61,86,14.25
478,Novyye Burasy,RU,2022-07-16 19:30:45,52.1324,46.0714,67.84,69,100,3.98
479,Kedrovyy,RU,2022-07-16 19:30:46,56.1667,91.8167,45.01,91,100,2.98
480,Nacala,MZ,2022-07-16 19:30:46,-14.5428,40.6728,67.55,87,15,8.79
481,Ginir,ET,2022-07-16 19:30:47,7.1333,40.7,57.4,80,45,9.4
482,Fort Nelson,CA,2022-07-16 19:30:29,58.8053,-122.7002,63.99,82,40,3.44
483,Anshun,CN,2022-07-16 19:30:47,26.25,105.9333,68.2,98,100,2.3
484,Karoi,ZW,2022-07-16 19:30:47,-16.8099,29.6925,51.49,52,1,3.8
485,Churapcha,RU,2022-07-16 19:30:48,62.0025,132.4325,70.59,80,15,2.21
486,Turba,EE,2022-07-16 19:30:48,59.0831,24.225,58.55,79,20,5.75
487,Baruun-Urt,MN,2022-07-16 19:30:49,46.6806,113.2792,58.19,80,87,10.87
488,Ravar,IR,2022-07-16 19:30:49,31.2656,56.8055,84.36,10,0,4.83
489,Darab,IR,2022-07-16 19:30:49,28.7519,54.5444,85.68,30,34,2.53
490,Pemberton,CA,2022-07-16 19:27:12,50.3164,-122.8027,65.89,78,93,4.14
491,Bobon,PH,2022-07-16 19:30:50,12.5246,124.5636,77.4,90,73,4.16
492,Bintulu,MY,2022-07-16 19:30:44,3.1667,113.0333,77.41,94,20,0.0
493,Lavrentiya,RU,2022-07-16 19:30:50,65.5833,-171.0,48.42,66,75,7.23
494,Margate,GB,2022-07-16 19:30:51,51.3813,1.3862,65.89,75,21,5.99
495,Pimentel,PE,2022-07-16 19:30:51,-6.8367,-79.9342,70.09,60,20,16.11
496,Panzhihua,CN,2022-07-16 19:30:52,26.5851,101.7128,77.0,74,100,1.23
497,Zhigansk,RU,2022-07-16 19:30:52,66.7697,123.3711,47.19,84,100,17.87
498,Sistranda,NO,2022-07-16 19:30:52,63.7256,8.834,49.96,79,100,23.33
499,Upata,VE,2022-07-16 19:30:53,8.0086,-62.3989,77.67,82,99,1.72
500,Lowestoft,GB,2022-07-16 19:30:53,52.4752,1.7516,65.41,76,10,9.57
501,Colares,PT,2022-07-16 19:31:53,38.7992,-9.4469,80.28,56,0,11.5
502,Manjacaze,MZ,2022-07-16 19:31:54,-24.7117,33.8828,61.83,92,17,5.1
503,Constantine,DZ,2022-07-16 19:27:04,36.365,6.6147,82.51,34,0,6.15
504,Aripuana,BR,2022-07-16 19:31:54,-9.1667,-60.6333,93.36,33,62,0.65
505,San Quintin,MX,2022-07-16 19:31:55,30.4833,-115.95,74.16,67,1,12.35
506,Athabasca,CA,2022-07-16 19:30:42,54.7169,-113.2854,77.63,50,3,4.27
507,West Lafayette,US,2022-07-16 19:30:17,40.4259,-86.9081,90.21,59,100,9.22
508,Balkanabat,TM,2022-07-16 19:31:55,39.5108,54.3671,95.85,14,0,9.35
509,Narsaq,GL,2022-07-16 19:31:56,60.9167,-46.05,52.02,77,100,5.23
510,Askarovo,RU,2022-07-16 19:31:56,53.3372,58.5089,61.75,82,20,6.71
511,Bima,ID,2022-07-16 19:31:56,-8.4667,118.7167,73.9,93,50,3.91
512,Bethel,US,2022-07-16 19:29:08,41.3712,-73.414,81.45,70,0,8.05
513,Qidong,CN,2022-07-16 19:31:57,31.8128,121.6561,80.92,94,100,8.93
514,San Carlos De Bariloche,AR,2022-07-16 19:31:57,-41.1456,-71.3082,37.24,65,75,18.41
515,Tezu,IN,2022-07-16 19:31:58,27.9167,96.1667,78.44,92,52,3.4
516,Mainit,PH,2022-07-16 19:31:58,9.535,125.5231,77.79,87,100,7.29
517,Salinopolis,BR,2022-07-16 19:31:58,-0.6136,-47.3561,80.51,82,90,8.93
518,Tarnogskiy Gorodok,RU,2022-07-16 19:31:59,60.4997,43.5761,55.2,83,50,5.32
519,Teguise,ES,2022-07-16 19:31:59,29.0605,-13.564,71.82,73,20,18.41
520,Zyryanka,RU,2022-07-16 19:31:59,65.75,150.85,61.75,63,98,11.21
521,Brive-La-Gaillarde,FR,2022-07-16 19:32:00,45.25,1.5,77.27,28,0,6.35
522,Nalhati,IN,2022-07-16 19:32:00,24.3,87.8167,83.91,73,87,10.07
523,Benjamin Hill,MX,2022-07-16 19:32:00,30.1667,-111.1,93.15,37,9,4.12
524,Bayan,CN,2022-07-16 19:32:01,46.0833,127.4,62.89,97,96,8.55
525,Salta,AR,2022-07-16 19:32:01,-24.7859,-65.4117,52.39,64,40,9.22
526,Hami,CN,2022-07-16 19:32:02,42.8,93.45,82.8,19,100,10.94
527,Tazmalt,DZ,2022-07-16 19:32:02,36.3868,4.3989,84.56,38,0,6.35
528,Mackay,AU,2022-07-16 19:31:54,-21.15,149.2,60.67,83,98,10.92
529,Moree,AU,2022-07-16 19:32:02,-29.4667,149.85,45.73,70,1,9.13
530,Durant,US,2022-07-16 19:29:35,33.994,-96.3708,103.48,33,30,8.05
531,Misratah,LY,2022-07-16 19:32:03,32.3754,15.0925,79.43,64,0,12.06
532,Cozumel,MX,2022-07-16 19:32:00,20.5083,-86.9458,91.47,61,40,8.05
533,Dromolaxia,CY,2022-07-16 19:32:04,34.8761,33.586,83.98,70,0,3.0
534,Aguimes,ES,2022-07-16 19:32:04,27.9054,-15.4461,72.23,69,20,29.93
535,Bitung,ID,2022-07-16 19:32:05,1.4451,125.1824,76.05,85,100,9.51
536,Batemans Bay,AU,2022-07-16 19:32:07,-35.7167,150.1833,51.1,51,3,10.87
537,Ostercappeln,DE,2022-07-16 19:32:08,52.35,8.2333,65.35,70,66,7.0
538,Ambilobe,MG,2022-07-16 19:30:28,-13.2,49.05,66.69,82,5,4.03
539,Griffith,US,2022-07-16 19:32:08,41.5284,-87.4237,83.26,79,100,10.36
540,Praia Da Vitoria,PT,2022-07-16 19:32:09,38.7333,-27.0667,74.75,78,75,11.03
541,Ometepec,MX,2022-07-16 19:32:09,16.6833,-98.4167,80.53,81,100,3.67
542,Jiuquan,CN,2022-07-16 19:32:09,39.7432,98.5174,68.99,30,95,0.85
543,Masallatah,LY,2022-07-16 19:32:10,32.6167,14.0,74.71,71,0,11.27
544,Luena,AO,2022-07-16 19:32:10,-11.7833,19.9167,58.71,45,0,4.41
545,Coruripe,BR,2022-07-16 19:32:10,-10.1256,-36.1756,74.48,83,12,9.69
546,Asfi,MA,2022-07-16 19:32:11,32.2994,-9.2372,71.37,82,9,11.45
547,Luganville,VU,2022-07-16 19:32:11,-15.5333,167.1667,76.77,87,94,17.2
548,Hearst,CA,2022-07-16 19:32:11,49.6835,-83.6665,82.29,33,74,4.56
549,Okha,RU,2022-07-16 19:33:12,53.5739,142.9478,53.11,90,83,14.74
550,Tuy Hoa,VN,2022-07-16 19:30:26,13.0833,109.3,77.74,88,89,6.64
551,Byron Bay,AU,2022-07-16 19:33:14,-28.65,153.6167,48.7,85,3,9.08
552,Cabog,PH,2022-07-16 19:33:14,15.3153,121.3703,78.24,89,100,3.09
553,Ostrovnoy,RU,2022-07-16 19:33:15,68.0531,39.5131,57.04,93,100,3.15
554,General Roca,AR,2022-07-16 19:33:15,-39.0333,-67.5833,49.71,36,11,20.8
555,Sukhumi,GE,2022-07-16 19:33:15,43.0033,41.0153,70.2,92,72,2.91
556,Parana,AR,2022-07-16 19:33:16,-31.732,-60.5238,48.56,77,100,15.88
557,Zapolyarnyy,RU,2022-07-16 19:33:16,69.4154,30.8136,52.88,94,95,4.16
558,Baherden,TM,2022-07-16 19:33:17,38.4362,57.4316,87.93,12,0,2.33
559,Trat,TH,2022-07-16 19:33:17,12.5,102.5,81.91,95,72,1.9
560,Omboue,GA,2022-07-16 19:33:17,-1.5746,9.2618,71.67,89,100,6.89
561,Saint-Pierre,RE,2022-07-16 19:33:18,-21.3393,55.4781,67.68,78,20,11.5
562,Chibombo,ZM,2022-07-16 19:33:18,-14.6569,28.0706,56.93,47,2,6.87
563,Grand Gaube,MU,2022-07-16 19:33:18,-20.0064,57.6608,72.0,69,2,8.99
564,Houma,US,2022-07-16 19:32:46,29.5958,-90.7195,93.99,67,40,0.0
565,Ninghai,CN,2022-07-16 19:33:19,29.2892,121.4247,80.83,82,100,2.51
566,Liaocheng,CN,2022-07-16 19:33:19,36.4439,115.9647,70.52,95,69,5.75
567,Jieshi,CN,2022-07-16 19:33:20,22.8134,115.8257,83.28,88,100,14.52
568,Reyes,BO,2022-07-16 19:33:20,-14.3167,-67.3833,90.07,47,94,7.0
569,Marawi,PH,2022-07-16 19:33:20,7.9986,124.2928,68.23,94,95,4.65
570,Blankenburg,DE,2022-07-16 19:33:21,51.7833,10.95,63.75,67,47,5.61
571,Baykit,RU,2022-07-16 19:33:21,61.67,96.37,49.3,96,36,2.62
572,Novo Aripuana,BR,2022-07-16 19:33:21,-5.1206,-60.3797,85.82,60,100,0.98
573,Wanxian,CN,2022-07-16 19:33:22,30.8039,108.3897,82.13,87,80,1.48
574,Cartagena,CO,2022-07-16 19:33:22,10.3997,-75.5144,89.22,70,20,5.75
575,Lazarev,RU,2022-07-16 19:33:23,52.225,141.5131,55.22,91,87,12.26
576,Chabahar,IR,2022-07-16 19:33:23,25.2919,60.643,85.26,83,100,5.19
577,Edd,ER,2022-07-16 19:33:23,13.9297,41.6925,89.87,67,100,4.68
